{
  "project_info": {
    "project_number": "756712819445",
    "project_id": "hiomhealth-21e65",
    "storage_bucket": "hiomhealth-21e65.appspot.com"
  },
  "client": [
    {
      "client_info": {
        "mobilesdk_app_id": "1:756712819445:android:79b89f905401480f4013bc",
        "android_client_info": {
          "package_name": "rf.gd.tekporconsult.hiom.hiom"
        }
      },
      "oauth_client": [
        {
          "client_id": "756712819445-k2egblvm8oo1lfgs5qbmg9eiridahlld.apps.googleusercontent.com",
          "client_type": 3
        }
      ],
      "api_key": [
        {
          "current_key": "AIzaSyC67E7wnQfUGS9fXn8UBFl5hQ2xddog5nA"
        }
      ],
      "services": {
        "appinvite_service": {
          "other_platform_oauth_client": [
            {
              "client_id": "756712819445-k2egblvm8oo1lfgs5qbmg9eiridahlld.apps.googleusercontent.com",
              "client_type": 3
            }
          ]
        }
      }
    }
  ],
  "configuration_version": "1"
}